symbol,name,aum,avg_daily_volume
VOO,Vanguard S&P 500 ETF,"$1,032,400,000.00","7,919,634"
IVV,iShares Core S&P 500 ETF,"$900,804,000.00","7,756,039"
SPY,State Street SPDR S&P 500 ETF,"$806,610,000.00","53,210,977"
VTI,Vanguard Morningstar Total Stock Market ETF,"$688,072,000.00","3,374,663"
QQQ,Invesco QQQ Trust Series I,"$480,221,000.00","44,419,805"
VEA,Vanguard FTSE Developed Markets ETF,"$234,962,000.00","11,160,193"
VUG,Vanguard Morningstar Growth ETF,"$228,820,000.00","7,612,339"
IEFA,iShares Core MSCI EAFE ETF,"$193,565,000.00","9,571,489"
VTV,Vanguard Morningstar Value ETF,"$191,267,000.00","2,887,999"
SPYM,State Street SPDR Portfolio S&P 500 ETF,"$167,830,000.00","12,577,180"
BND,Vanguard Total Bond Market ETF,"$161,964,000.00","8,170,614"
VXUS,Vanguard Total International Stock ETF,"$161,384,000.00","5,931,979"
IEMG,iShares Core MSCI Emerging Markets ETF,"$155,883,000.00","13,383,397"
VGT,Vanguard Information Technology ETF,"$146,657,000.00","4,940,626"
AGG,iShares Core U.S. Aggregate Bond ETF,"$137,987,000.00","8,511,953"
GLD,SPDR Gold Shares,"$137,185,000.00","7,133,827"
IWF,iShares Russell 1000 Growth ETF,"$127,022,000.00","5,118,413"
IJH,iShares Core S&P Mid-Cap ETF,"$125,812,000.00","7,132,569"
VWO,Vanguard FTSE Emerging Markets ETF,"$124,947,000.00","8,440,643"
XLK,State Street Technology Select Sector SPDR ETF,"$121,709,000.00","12,124,737"
VIG,Vanguard Dividend Appreciation ETF,"$113,952,000.00","1,111,733"
IJR,iShares Core S&P Small-Cap ETF,"$112,449,000.00","3,797,869"
VO,Vanguard Morningstar Mid-Cap ETF,"$108,202,000.00","3,029,962"
SCHD,Schwab US Dividend Equity ETF,"$105,290,000.00","21,435,350"
QQQM,Invesco NASDAQ 100 ETF,"$101,984,000.00","4,099,711"
SGOV,iShares 0-3 Month Treasury Bond ETF,"$100,911,000.00","20,547,207"
RSP,Invesco S&P 500® Equal Weight ETF,"$98,528,000.00","9,765,531"
ITOT,iShares Core S&P Total U.S. Stock Market ETF,"$97,325,600.00","1,852,063"
IWD,iShares Russell 1000 Value ETF,"$83,482,700.00","2,143,798"
VYM,Vanguard High Dividend Yield Index ETF,"$83,454,600.00","1,276,331"
BNDX,Vanguard Total International Bond ETF,"$83,110,000.00","4,744,094"
VB,Vanguard Morningstar Small-Cap ETF,"$82,305,700.00","559,595"
IWM,iShares Russell 2000 ETF,"$81,493,300.00","25,324,402"
VT,Vanguard Total World Stock ETF,"$80,773,200.00","3,107,678"
EFA,iShares MSCI EAFE ETF,"$79,324,100.00","13,063,584"
IVW,iShares S&P 500 Growth ETF,"$77,163,600.00","2,177,708"
SCHX,Schwab U.S. Large-Cap ETF,"$74,142,000.00","12,466,721"
SMH,VanEck Semiconductor ETF,"$70,252,100.00","11,958,930"
VEU,Vanguard FTSE All-World ex-US Index Fund,"$69,744,300.00","2,690,492"
SCHF,Schwab International Equity ETF,"$68,311,100.00","7,776,456"
VCIT,Vanguard Intermediate-Term Corporate Bond ETF,"$67,847,600.00","8,712,029"
SCHG,Schwab U.S. Large-Cap Growth ETF,"$62,336,900.00","9,906,641"
IAU,iShares Gold Trust,"$62,077,700.00","6,029,999"
IXUS,iShares Core MSCI Total International Stock ETF,"$59,870,300.00","1,824,359"
XLF,State Street Financial Select Sector SPDR ETF,"$59,206,700.00","35,489,840"
IWR,iShares Russell Midcap ETF,"$57,131,300.00","2,033,639"
SPYG,State Street SPDR Portfolio S&P 500 Growth ETF,"$55,035,400.00","2,673,522"
VV,Vanguard Morningstar Large-Cap ETF,"$54,257,300.00","269,139"
IWB,iShares Russell 1000 ETF,"$49,902,700.00","607,050"
IVE,iShares S&P 500 Value ETF,"$49,735,500.00","1,001,670"
DFAC,Dimensional U.S. Core Equity 2 ETF,"$49,355,700.00","2,089,744"
DIA,State Street SPDR Dow Jones Industrial Average ETF Trust,"$48,738,500.00","4,712,417"
IBIT,iShares Bitcoin Trust ETF,"$48,269,800.00","43,151,762"
QUAL,iShares MSCI USA Quality Factor ETF,"$47,903,500.00","1,747,123"
IEF,iShares 7-10 Year Treasury Bond ETF,"$47,321,900.00","6,467,378"
BIL,State Street SPDR Bloomberg 1-3 Month T-Bill ETF,"$46,629,900.00","10,047,109"
VTEB,Vanguard Tax-Exempt Bond ETF,"$46,525,800.00","7,214,364"
JEPI,JPMorgan Equity Premium Income Fund,"$45,905,400.00","5,292,545"
BSV,Vanguard Short-Term Bond ETF,"$45,714,100.00","2,600,420"
MUB,iShares National Muni Bond ETF,"$45,706,600.00","3,713,374"
VONG,Vanguard Russell 1000 Growth ETF,"$45,507,900.00","1,355,886"
VCSH,Vanguard Short-Term Corporate Bond ETF,"$45,024,600.00","4,234,633"
SOXX,iShares Semiconductor ETF,"$44,880,800.00","10,569,227"
SCHB,Schwab U.S. Broad Market ETF,"$44,635,300.00","8,884,670"
GOVT,iShares U.S. Treasury Bond ETF,"$43,785,300.00","8,382,146"
DGRO,iShares Core Dividend Growth ETF,"$43,453,400.00","1,452,939"
IUSB,iShares Core Total USD Bond Market ETF,"$43,298,900.00","5,731,584"
XLV,State Street Health Care Select Sector SPDR ETF,"$42,930,800.00","10,679,995"
VGIT,Vanguard Intermediate-Term Treasury ETF,"$42,604,200.00","2,994,095"
SPDW,State Street SPDR Portfolio Developed World ex-US ETF,"$41,383,900.00","3,203,874"
JEPQ,JPMorgan NASDAQ Equity Premium Income ETF,"$41,149,300.00","7,170,849"
TLT,iShares 20+ Year Treasury Bond ETF,"$40,996,900.00","26,218,930"
JPST,JPMorgan Ultra-Short Income ETF,"$40,535,200.00","6,368,737"
DYNF,iShares U.S. Equity Factor Rotation Active ETF,"$39,953,400.00","2,456,759"
VNQ,Vanguard Real Estate ETF,"$39,305,300.00","3,248,678"
MBB,iShares MBS ETF,"$39,130,400.00","2,183,372"
CGDV,Capital Group Dividend Value ETF,"$38,842,700.00","3,839,934"
VBR,Vanguard Morningstar Small-Cap Value ETF,"$38,078,000.00","287,589"
XLE,State Street Energy Select Sector SPDR ETF,"$37,452,900.00","34,474,281"
TQQQ,ProShares UltraPro QQQ,"$36,576,600.00","71,896,891"
SPYV,State Street SPDR Portfolio S&P 500 Value ETF,"$36,400,900.00","2,469,663"
XLI,State Street Industrial Select Sector SPDR ETF,"$34,785,000.00","7,595,548"
IUSG,iShares Core S&P U.S. Growth ETF,"$33,640,900.00","534,694"
MGK,Vanguard Morningstar Mega Cap Growth ETF,"$33,523,600.00","1,632,102"
ACWI,iShares MSCI ACWI ETF,"$33,190,400.00","3,204,628"
LQD,iShares iBoxx $ Investment Grade Corporate Bond ETF,"$32,862,700.00","28,045,182"
IDEV,iShares Core MSCI International Developed Markets ETF,"$32,249,300.00","1,420,050"
VXF,Vanguard Extended Market ETF,"$31,373,900.00","452,002"
VGK,Vanguard FTSE Europe ETF,"$30,879,700.00","2,569,944"
AVUV,Avantis U.S. Small Cap Value ETF,"$30,871,900.00","1,273,333"
VGSH,Vanguard Short-Term Treasury ETF,"$30,250,000.00","3,290,617"
EEM,iShares MSCI Emerging Markets ETF,"$30,059,700.00","28,554,412"
EFV,iShares MSCI EAFE Value ETF,"$29,913,000.00","5,034,814"
SLV,iShares Silver Trust,"$29,883,200.00","20,128,424"
JAAA,Janus Henderson AAA CLO ETF,"$29,758,100.00","5,136,986"
USHY,iShares Broad USD High Yield Corporate Bond ETF,"$29,047,300.00","11,193,283"
BIV,Vanguard Intermediate-Term Bond ETF,"$28,944,400.00","1,602,881"
GLDM,SPDR Gold Minishares Trust,"$28,797,200.00","3,820,155"
IUSV,iShares Core S&P U.S. Value ETF,"$27,678,200.00","629,600"
FBND,Fidelity Total Bond ETF,"$27,332,100.00","2,774,973"
